user,worktime,worktime_planned,worktime_actual,overtime,overtime_%,engagement_in_tasks_%
Adrian Zawadzki,37.0,46.0,38.833333333333336,-7.166666666666667,84.42028985507247,95.27896995708154
Kamil Chmielewski,2.0,5.0,2.0,-3.0,40.0,100.0
Kamil Jabłoński,4.0,10.0,5.0,-5.0,50.0,80.0
Paulina Buchwald,20.0,26.0,20.5,-5.5,78.84615384615384,97.5609756097561
Piotr Olszewski,19.0,24.0,20.0,-4.0,83.33333333333334,95.0
Swatantra Parmar,33.5,26.0,34.5,8.5,132.69230769230768,97.10144927536231
